ID,Substitution,MutPred2 score,Actionable hypotheses,Confident hypotheses,Very confident hypotheses,Top k mechanisms,Remarks
10_100013338_C_T_NM_032211_c.G1807A,D603N,0.299,,,,Loss of C-linked_glycosylation at W607 (W = 0.13 | M = 0.13 | P = 0.02); Gain of Calmodulin_binding at S604 (W = 0.49 | M = 0.62 | P = 0.03); Gain of GPI_anchor_amidation at D603 (W = 0.00 | M = 0.23 | P = 0.04); Loss of SUMOylation at K599 (W = 0.45 | M = 0.42 | P = 0.08); Loss of Cadmium_binding at T600 (W = 0.50 | M = 0.48 | P = 0.09),-
10_100013398_G_A_NM_032211_c.C1747T,R583C,0.809,Loss of Surface_accessibility at R583 (W = 0.60 | M = 0.30 | P = 1.7e-03); Gain of Iron_binding at R583 (W = 0.32 | M = 0.54 | P = 2.5e-03); Gain of Palmitoylation at R583 (W = 0.00 | M = 0.79 | P = 2.6e-03); Gain of Manganese_binding at L582 (W = 0.34 | M = 0.47 | P = 0.01); Loss of Allosteric_site at R583 (W = 0.46 | M = 0.29 | P = 0.01); Gain of Potassium_binding at Q587 (W = 0.49 | M = 0.61 | P = 0.03),,Loss of Calmodulin_binding at R583 (W = 0.66 | M = 0.36 | P = 8.6e-04),Loss of Calmodulin_binding at R583 (W = 0.66 | M = 0.36 | P = 8.6e-04); Loss of Surface_accessibility at R583 (W = 0.60 | M = 0.30 | P = 1.7e-03); Gain of Iron_binding at R583 (W = 0.32 | M = 0.54 | P = 2.5e-03); Gain of Palmitoylation at R583 (W = 0.00 | M = 0.79 | P = 2.6e-03); Gain of Manganese_binding at L582 (W = 0.34 | M = 0.47 | P = 0.01),-
10_100018870_G_A_NM_032211_c.C817T,R273W,0.227,,,,Loss of VSL2B_disorder at P274 (W = 0.58 | M = 0.36 | P = 5.1e-03); Gain of Magnesium_binding at C276 (W = 0.45 | M = 0.57 | P = 6.7e-03); Gain of Sodium_binding at L272 (W = 0.37 | M = 0.49 | P = 0.02); Loss of ADP-ribosylation at R273 (W = 0.82 | M = 0.00 | P = 0.02); Gain of Loop at A275 (W = 0.26 | M = 0.38 | P = 0.02),-
10_100018912_C_T_NM_032211_c.G775A,A259T,0.211,,,,Loss of Potassium_binding at P256 (W = 0.55 | M = 0.46 | P = 0.03); Loss of Disulfide_linkage at C261 (W = 0.62 | M = 0.59 | P = 0.04); Gain of Nickel_binding at N260 (W = 0.43 | M = 0.53 | P = 0.04); Gain of Surface_accessibility at A259 (W = 0.41 | M = 0.51 | P = 0.04); Gain of RNA_binding at N260 (W = 0.42 | M = 0.50 | P = 0.05),-
10_100020880_C_T_NM_032211_c.G461A,R154Q,0.051,,,,Loss of Motifs at R154 (W = 1.00 | M = 0.50 | P = 1.3e-03); Loss of ADP-ribosylation at R154 (W = 0.76 | M = 0.00 | P = 0.02); Gain of Iron_binding at E158 (W = 0.44 | M = 0.54 | P = 0.03); Gain of Catalytic_site at R155 (W = 0.36 | M = 0.54 | P = 0.03); Loss of Methylation at R154 (W = 0.40 | M = 0.00 | P = 0.06),-
10_100143598_C_T_NM_032709_c.G1703A,R568Q,0.608,,,,Loss of Methylation at R568 (W = 0.81 | M = 0.00 | P = 3.3e-03); Gain of GPI_anchor_amidation at N569 (W = 0.33 | M = 0.41 | P = 0.02); Loss of Calmodulin_binding at A571 (W = 0.61 | M = 0.43 | P = 0.02); Gain of Manganese_binding at G567 (W = 0.46 | M = 0.56 | P = 0.02); Gain of Iron_binding at R568 (W = 0.42 | M = 0.51 | P = 0.03),-
10_100150787_G_A_NM_032709_c.C1115T,S372L,0.755,Gain of Magnesium_binding at S372 (W = 0.38 | M = 0.55 | P = 3.2e-04); Loss of Phosphorylation at S372 (W = 0.78 | M = 0.00 | P = 5.6e-03); Loss of Sodium_binding at R371 (W = 0.48 | M = 0.36 | P = 0.02); Loss of Motifs at S372 (W = 0.95 | M = 0.50 | P = 0.03); Loss of Allosteric_site at I377 (W = 0.49 | M = 0.37 | P = 0.03); Gain of Coiled_coil at D369 (W = 0.41 | M = 0.42 | P = 0.03); Loss of Copper_binding at S372 (W = 0.50 | M = 0.43 | P = 0.04); Loss of Calcium_binding at S372 (W = 0.50 | M = 0.41 | P = 0.05); Loss of VSL2B_disorder at R371 (W = 0.47 | M = 0.32 | P = 0.05),,,Gain of Magnesium_binding at S372 (W = 0.38 | M = 0.55 | P = 3.2e-04); Loss of Phosphorylation at S372 (W = 0.78 | M = 0.00 | P = 5.6e-03); Loss of Sodium_binding at R371 (W = 0.48 | M = 0.36 | P = 0.02); Loss of Motifs at S372 (W = 0.95 | M = 0.50 | P = 0.03); Loss of Allosteric_site at I377 (W = 0.49 | M = 0.37 | P = 0.03),-
10_100150830_G_A_NM_032709_c.C1072T,P358S,0.512,,,,Loss of Hydroxylation at P358 (W = 0.40 | M = 0.00 | P = 0.03); Gain of Coiled_coil at E359 (W = 0.63 | M = 0.64 | P = 0.04); Loss of Pyrrolidone_carboxylic_acid at Q354 (W = 0.57 | M = 0.57 | P = 0.06); Loss of C-linked_glycosylation at W356 (W = 0.00 | M = 0.00 | P = 0.06); Gain of Proteolytic_cleavage at L357 (W = 0.10 | M = 0.41 | P = 0.09),-
10_100152306_C_A_NM_032709_c.G945T,Q315H,0.277,,,,Gain of SUMOylation at K313 (W = 0.30 | M = 0.60 | P = 0.02); Gain of N-linked_glycosylation at N317 (W = 0.27 | M = 0.49 | P = 0.02); Gain of Cadmium_binding at N317 (W = 0.45 | M = 0.53 | P = 0.02); Loss of Strand at T310 (W = 0.53 | M = 0.52 | P = 0.09); Loss of RNA_binding at V314 (W = 0.58 | M = 0.52 | P = 0.10),-
10_100182236_T_C_NM_001311345_c.A661G,I221V,0.447,,,,Loss of Stability (S = -1.98 | P = 1.4e-03); Gain of Proteolytic_cleavage at F220 (W = 0.43 | M = 0.73 | P = 0.04); Loss of Magnesium_binding at V223 (W = 0.60 | M = 0.52 | P = 0.06); Gain of Allosteric_site at V223 (W = 0.44 | M = 0.53 | P = 0.06); Loss of Sulfation at Y222 (W = 0.07 | M = 0.07 | P = 0.11),Predicted conservation scores
10_100189567_C_G_NM_182639_c.G848C,G283A,0.049,,,,Loss of Hydroxylation at P281 (W = 0.50 | M = 0.35 | P = 0.05); Gain of O-linked_glycosylation at T282 (W = 0.30 | M = 0.48 | P = 0.06); Loss of DNA_binding at G284 (W = 0.49 | M = 0.37 | P = 0.08); Loss of Calcium_binding at G280 (W = 0.53 | M = 0.46 | P = 0.13); Loss of Iron_binding at G283 (W = 0.53 | M = 0.51 | P = 0.14),-
10_100193774_C_A_NM_182639_c.G473T,R158L,0.113,,,,Gain of Sodium_binding at E163 (W = 0.44 | M = 0.55 | P = 0.02); Gain of C-linked_glycosylation at W154 (W = 0.00 | M = 0.03 | P = 0.05); Gain of Carboxylation at E163 (W = 0.27 | M = 0.34 | P = 0.06); Loss of Pyrrolidone_carboxylic_acid at Q162 (W = 0.37 | M = 0.35 | P = 0.07); Loss of Calmodulin_binding at L153 (W = 0.37 | M = 0.22 | P = 0.08),-
10_100249815_G_A_NM_001166244_c.C1285T,H429Y,0.399,,,,Loss of Cadmium_binding at N431 (W = 0.59 | M = 0.51 | P = 0.02); Loss of Nickel_binding at H430 (W = 0.52 | M = 0.41 | P = 0.02); Gain of PPI_residue at H429 (W = 0.44 | M = 0.50 | P = 0.02); Loss of Copper_binding at T427 (W = 0.62 | M = 0.53 | P = 0.02); Gain of Motifs at H429 (W = 0.50 | M = 0.95 | P = 0.02),-
10_100481555_C_T_NM_001166246_c.G815A,R272Q,0.584,,,,Gain of Manganese_binding at G271 (W = 0.36 | M = 0.47 | P = 0.03); Gain of GPI_anchor_amidation at N275 (W = 0.16 | M = 0.29 | P = 0.03); Gain of Potassium_binding at T268 (W = 0.44 | M = 0.54 | P = 0.05); Loss of Calmodulin_binding at G276 (W = 0.45 | M = 0.30 | P = 0.05); Gain of Nickel_binding at N275 (W = 0.28 | M = 0.41 | P = 0.05),-
10_100503793_A_G_NM_001166246_c.T631C,Y211H,0.807,Gain of Copper_binding at K209 (W = 0.58 | M = 0.70 | P = 0.01); Loss of PPI_hotspot at Y211 (W = 0.58 | M = 0.39 | P = 0.01); Loss of Disulfide_linkage at C216 (W = 0.40 | M = 0.32 | P = 0.03); Gain of Palmitoylation at C216 (W = 0.25 | M = 0.40 | P = 0.03); Loss of RNA_binding at Y211 (W = 0.63 | M = 0.54 | P = 0.04); Loss of PPI_residue at N212 (W = 0.44 | M = 0.38 | P = 0.04); Loss of Coiled_coil at L207 (W = 0.28 | M = 0.13 | P = 0.04); Gain of Cadmium_binding at N212 (W = 0.43 | M = 0.50 | P = 0.04); Loss of Acetylation at K209 (W = 0.45 | M = 0.38 | P = 0.05),,,Gain of Copper_binding at K209 (W = 0.58 | M = 0.70 | P = 0.01); Loss of PPI_hotspot at Y211 (W = 0.58 | M = 0.39 | P = 0.01); Loss of Disulfide_linkage at C216 (W = 0.40 | M = 0.32 | P = 0.03); Gain of Palmitoylation at C216 (W = 0.25 | M = 0.40 | P = 0.03); Loss of RNA_binding at Y211 (W = 0.63 | M = 0.54 | P = 0.04),-
10_101089302_G_T_NM_020348_c.G158T,G53V,0.71,Loss of B_factor at G53 (W = 0.57 | M = 0.38 | P = 0.01); Loss of Calcium_binding at A51 (W = 0.49 | M = 0.38 | P = 0.03); Loss of VSL2B_disorder at R54 (W = 0.59 | M = 0.44 | P = 0.04),,,Loss of B_factor at G53 (W = 0.57 | M = 0.38 | P = 0.01); Loss of Calcium_binding at A51 (W = 0.49 | M = 0.38 | P = 0.03); Loss of VSL2B_disorder at R54 (W = 0.59 | M = 0.44 | P = 0.04); Loss of Methylation at R54 (W = 0.46 | M = 0.21 | P = 0.07); Gain of C-terminal_signal at G53 (W = 0.03 | M = 0.05 | P = 0.08),-
10_101089460_C_A_NM_020348_c.C316A,L106I,0.18,,,,Gain of Strand at R105 (W = 0.54 | M = 0.57 | P = 0.05); Gain of Sodium_binding at D101 (W = 0.43 | M = 0.52 | P = 0.05); Gain of Hydroxylation at P104 (W = 0.32 | M = 0.40 | P = 0.06); Loss of C-linked_glycosylation at W102 (W = 0.00 | M = 0.00 | P = 0.12); Loss of Stability (S = -1.23 | P = 0.16),-
10_101089700_C_A_NM_020348_c.C556A,L186I,0.331,,,,Gain of Signal_cleavage at A188 (W = 0.01 | M = 0.02 | P = 0.02); Gain of Disulfide_linkage at C187 (W = 0.36 | M = 0.38 | P = 0.06); Loss of C-linked_glycosylation at W189 (W = 0.00 | M = 0.00 | P = 0.07); Gain of Signal_helix at L186 (W = 0.02 | M = 0.02 | P = 0.09); Gain of Calmodulin_binding at L186 (W = 0.49 | M = 0.50 | P = 0.11),-
10_101089830_C_T_NM_020348_c.C686T,A229V,0.446,,,,Gain of Signal_helix at A229 (W = 0.44 | M = 0.46 | P = 4.8e-03); Gain of Transmembrane_region at L224 (W = 0.36 | M = 0.50 | P = 5.9e-03); Loss of N-terminal_signal at R225 (W = 0.06 | M = 0.03 | P = 0.04); Gain of C-terminal_signal at A226 (W = 0.07 | M = 0.08 | P = 0.04); Loss of Catalytic_site at L230 (W = 0.61 | M = 0.49 | P = 0.10),-
10_101090127_C_A_NM_020348_c.C983A,A328E,0.738,Loss of Transmembrane_region at T332 (W = 0.60 | M = 0.35 | P = 1.6e-03); Loss of C-terminal_signal at P324 (W = 0.19 | M = 0.09 | P = 0.01); Loss of Signal_helix at V330 (W = 0.18 | M = 0.11 | P = 0.02); Gain of Helix at G333 (W = 0.56 | M = 0.63 | P = 0.03); Gain of Copper_binding at V330 (W = 0.44 | M = 0.51 | P = 0.04),,,Loss of Transmembrane_region at T332 (W = 0.60 | M = 0.35 | P = 1.6e-03); Loss of C-terminal_signal at P324 (W = 0.19 | M = 0.09 | P = 0.01); Loss of Signal_helix at V330 (W = 0.18 | M = 0.11 | P = 0.02); Gain of Helix at G333 (W = 0.56 | M = 0.63 | P = 0.03); Gain of Copper_binding at V330 (W = 0.44 | M = 0.51 | P = 0.04),-
10_101293141_T_G_NM_145285_c.T253G,S85A,0.066,,,,Gain of Signal_cleavage at H82 (W = 0.02 | M = 0.02 | P = 0.02); Loss of O-linked_glycosylation at S85 (W = 0.52 | M = 0.00 | P = 0.02); Gain of Cytoplasmic_loop at Q90 (W = 0.44 | M = 0.47 | P = 0.03); Gain of C-terminal_signal at H82 (W = 0.05 | M = 0.06 | P = 0.06); Loss of Loop at G83 (W = 0.40 | M = 0.34 | P = 0.07),-
10_101295468_G_T_NM_145285_c.G1085T,R362L,0.877,Loss of Methylation at R362 (W = 0.88 | M = 0.00 | P = 1.7e-03); Gain of C-linked_glycosylation at W364 (W = 0.10 | M = 0.34 | P = 4.7e-03); Loss of MoRF at I361 (W = 0.52 | M = 0.38 | P = 9.2e-03); Gain of Manganese_binding at I361 (W = 0.26 | M = 0.42 | P = 0.01); Gain of Catalytic_site at Q359 (W = 0.35 | M = 0.56 | P = 0.01); Gain of Magnesium_binding at W364 (W = 0.51 | M = 0.62 | P = 0.02); Loss of Surface_accessibility at R362 (W = 0.59 | M = 0.46 | P = 0.02); Gain of Amidation at Q359 (W = 0.03 | M = 0.77 | P = 0.03); Loss of Potassium_binding at W364 (W = 0.49 | M = 0.39 | P = 0.03); Gain of Sodium_binding at R362 (W = 0.38 | M = 0.48 | P = 0.04); Loss of N-terminal_signal at R362 (W = 0.05 | M = 0.00 | P = 0.04); Gain of Nickel_binding at A363 (W = 0.41 | M = 0.51 | P = 0.04); Loss of ADP-ribosylation at R362 (W = 0.60 | M = 0.00 | P = 0.05),,Loss of Calmodulin_binding at W364 (W = 0.76 | M = 0.42 | P = 4.2e-04),Loss of Calmodulin_binding at W364 (W = 0.76 | M = 0.42 | P = 4.2e-04); Loss of Methylation at R362 (W = 0.88 | M = 0.00 | P = 1.7e-03); Gain of C-linked_glycosylation at W364 (W = 0.10 | M = 0.34 | P = 4.7e-03); Loss of MoRF at I361 (W = 0.52 | M = 0.38 | P = 9.2e-03); Gain of Manganese_binding at I361 (W = 0.26 | M = 0.42 | P = 0.01),-
10_101370946_T_C_NM_031212_c.A755G,H252R,0.556,,,,Gain of DNA_binding at N254 (W = 0.39 | M = 0.59 | P = 6.6e-03); Loss of Cadmium_binding at Q250 (W = 0.52 | M = 0.42 | P = 7.8e-03); Loss of Amidation at H252 (W = 0.77 | M = 0.07 | P = 0.04); Loss of N-linked_glycosylation at N254 (W = 0.34 | M = 0.16 | P = 0.04); Gain of Methylation at H252 (W = 0.00 | M = 0.38 | P = 0.05),-
10_101458358_C_T_NM_020354_c.C1078T,L360F,0.508,,,,Loss of Disulfide_linkage at C355 (W = 0.61 | M = 0.59 | P = 0.04); Loss of Nickel_binding at L360 (W = 0.47 | M = 0.37 | P = 0.05); Gain of Non-cytoplasmic_loop at V364 (W = 0.19 | M = 0.19 | P = 0.08); Gain of Hydroxylation at P357 (W = 0.09 | M = 0.27 | P = 0.10); Loss of Calcium_binding at L356 (W = 0.58 | M = 0.51 | P = 0.12),-
10_101476166_A_G_NM_004376_c.T1040C,I347T,0.262,,,,Gain of N-terminal_signal at R351 (W = 0.41 | M = 0.47 | P = 2.3e-03); Gain of Cytoplasmic_loop at I347 (W = 0.54 | M = 0.60 | P = 0.02); Gain of VSL2B_disorder at L349 (W = 0.36 | M = 0.51 | P = 0.02); Loss of Transmembrane_region at L343 (W = 0.42 | M = 0.33 | P = 0.02); Gain of Phosphorylation at I347 (W = 0.00 | M = 0.60 | P = 0.02),-
10_101486801_T_C_NM_078470_c.A506G,Y169C,0.726,Gain of Palmitoylation at Y169 (W = 0.00 | M = 0.77 | P = 3.0e-03); Gain of Cytoplasmic_loop at R172 (W = 0.50 | M = 0.60 | P = 4.4e-03); Loss of N-terminal_signal at K173 (W = 0.10 | M = 0.06 | P = 0.02); Loss of PPI_hotspot at Y169 (W = 0.80 | M = 0.58 | P = 0.03); Gain of Transmembrane_region at W171 (W = 0.59 | M = 0.62 | P = 0.03); Loss of Amidation at G174 (W = 0.99 | M = 0.23 | P = 0.03),,,Gain of Palmitoylation at Y169 (W = 0.00 | M = 0.77 | P = 3.0e-03); Gain of Cytoplasmic_loop at R172 (W = 0.50 | M = 0.60 | P = 4.4e-03); Loss of N-terminal_signal at K173 (W = 0.10 | M = 0.06 | P = 0.02); Loss of PPI_hotspot at Y169 (W = 0.80 | M = 0.58 | P = 0.03); Gain of Transmembrane_region at W171 (W = 0.59 | M = 0.62 | P = 0.03),-
10_101514348_C_T_NM_015960_c.C664T,H222Y,0.937,Gain of Hydroxylation at H222 (W = 0.00 | M = 0.57 | P = 3.9e-03); Loss of Zinc_binding at H222 (W = 0.76 | M = 0.56 | P = 4.8e-03); Gain of Amidation at H222 (W = 0.00 | M = 0.90 | P = 7.1e-03); Loss of Cadmium_binding at S224 (W = 0.50 | M = 0.42 | P = 0.02); Loss of Copper_binding at C223 (W = 0.62 | M = 0.52 | P = 0.02); Gain of PPI_hotspot at H222 (W = 0.46 | M = 0.64 | P = 0.03); Gain of PPI_residue at T219 (W = 0.45 | M = 0.51 | P = 0.03); Loss of Iron_binding at S224 (W = 0.63 | M = 0.56 | P = 0.04),,,Gain of Hydroxylation at H222 (W = 0.00 | M = 0.57 | P = 3.9e-03); Loss of Zinc_binding at H222 (W = 0.76 | M = 0.56 | P = 4.8e-03); Gain of Amidation at H222 (W = 0.00 | M = 0.90 | P = 7.1e-03); Loss of Cadmium_binding at S224 (W = 0.50 | M = 0.42 | P = 0.02); Loss of Copper_binding at C223 (W = 0.62 | M = 0.52 | P = 0.02),-
10_101578952_T_G_NM_000392_c.T2546G,L849R,0.6,,,,Loss of Potassium_binding at S844 (W = 0.58 | M = 0.39 | P = 5.6e-04); Gain of Surface_accessibility at L849 (W = 0.43 | M = 0.68 | P = 1.4e-03); Gain of Methylation at L849 (W = 0.00 | M = 0.80 | P = 3.7e-03); Gain of Calmodulin_binding at L849 (W = 0.34 | M = 0.57 | P = 6.8e-03); Gain of Coiled_coil at E854 (W = 0.20 | M = 0.37 | P = 0.02),-
10_101605496_T_C_NM_000392_c.T4103C,I1368T,0.645,,,,Gain of Phosphorylation at I1368 (W = 0.00 | M = 0.43 | P = 0.04); Gain of B_factor at I1368 (W = 0.35 | M = 0.47 | P = 0.05); Gain of O-linked_glycosylation at S1367 (W = 0.15 | M = 0.36 | P = 0.08); Gain of Allosteric_site at A1366 (W = 0.44 | M = 0.50 | P = 0.09); Loss of Potassium_binding at D1364 (W = 0.68 | M = 0.58 | P = 0.12),-
10_101637066_C_A_NM_15221_c.G4576T,A1526S,0.221,,,,Loss of N-linked_glycosylation at N1530 (W = 0.57 | M = 0.52 | P = 0.05); Gain of VSL2B_disorder at N1528 (W = 0.41 | M = 0.50 | P = 0.05); Loss of DNA_binding at A1526 (W = 0.56 | M = 0.44 | P = 0.06); Gain of Calcium_binding at E1531 (W = 0.44 | M = 0.51 | P = 0.07); Loss of PPI_hotspot at R1527 (W = 0.52 | M = 0.43 | P = 0.07),-
10_101643875_T_C_NM_015221_c.A3890G,N1297S,0.27,,,,Loss of N-linked_glycosylation at N1297 (W = 0.58 | M = 0.00 | P = 5.6e-03); Gain of Phosphorylation at N1297 (W = 0.00 | M = 0.61 | P = 0.02); Gain of Motifs at F1296 (W = 0.50 | M = 0.95 | P = 0.02); Gain of Loop at N1295 (W = 0.45 | M = 0.49 | P = 0.04); Gain of Sodium_binding at A1298 (W = 0.52 | M = 0.62 | P = 0.04),-
10_101646368_C_A_NM_015221_c.G3307T,V1103F,0.766,Loss of Coiled_coil at S1105 (W = 0.35 | M = 0.21 | P = 0.03),,,Loss of Coiled_coil at S1105 (W = 0.35 | M = 0.21 | P = 0.03); Loss of Phosphorylation at S1105 (W = 0.52 | M = 0.47 | P = 0.17); Loss of PPI_residue at T1099 (W = 0.50 | M = 0.48 | P = 0.20); Loss of GPI_anchor_amidation at N1108 (W = 0.03 | M = 0.03 | P = 0.21); Gain of Allosteric_site at V1103 (W = 0.30 | M = 0.38 | P = 0.22),-
10_101715714_G_A_NM_15221_c.C1517T,T506I,0.084,,,,Gain of MoRF at K508 (W = 0.25 | M = 0.40 | P = 0.02); Gain of Potassium_binding at S504 (W = 0.46 | M = 0.57 | P = 0.03); Gain of Acetylation at K508 (W = 0.35 | M = 0.49 | P = 0.03); Loss of RNA_binding at K507 (W = 0.48 | M = 0.38 | P = 0.03); Loss of B_factor at T506 (W = 0.54 | M = 0.40 | P = 0.05),-
10_101716819_C_T_NM_15221_c.G412A,A138T,0.038,,,,Loss of C-linked_glycosylation at W133 (W = 0.10 | M = 0.10 | P = 0.03); Loss of Pyrrolidone_carboxylic_acid at Q141 (W = 0.60 | M = 0.56 | P = 0.05); Gain of RNA_binding at L139 (W = 0.54 | M = 0.63 | P = 0.07); Loss of Cytoplasmic_loop at S135 (W = 0.29 | M = 0.28 | P = 0.10); Gain of N-terminal_signal at Q141 (W = 0.01 | M = 0.01 | P = 0.15),-
10_101731776_C_T_NM_15221_c.G106A,D36N,0.833,,,,Loss of Manganese_binding at V34 (W = 0.56 | M = 0.49 | P = 0.05); Loss of Motifs at D36 (W = 0.88 | M = 0.50 | P = 0.07); Gain of DNA_binding at W39 (W = 0.28 | M = 0.43 | P = 0.07); Gain of N-linked_glycosylation at D36 (W = 0.00 | M = 0.24 | P = 0.09); Loss of Cadmium_binding at A33 (W = 0.50 | M = 0.47 | P = 0.10),-
10_101829514_C_T_NM_001308_c.G533A,G178D,0.39,,,,Gain of Sulfation at Y176 (W = 0.46 | M = 0.63 | P = 5.9e-03); Gain of Potassium_binding at G178 (W = 0.42 | M = 0.52 | P = 0.05); Loss of DNA_binding at G177 (W = 0.70 | M = 0.54 | P = 0.06); Gain of Loop at P179 (W = 0.52 | M = 0.55 | P = 0.06); Gain of Cadmium_binding at Y176 (W = 0.44 | M = 0.48 | P = 0.07),-
10_101915919_C_T_NM_006459_c.G728A,R243H,0.459,,,,Gain of Zinc_binding at R243 (W = 0.33 | M = 0.48 | P = 4.9e-03); Gain of Copper_binding at K238 (W = 0.41 | M = 0.51 | P = 0.01); Gain of Iron_binding at T240 (W = 0.34 | M = 0.45 | P = 0.03); Loss of SUMOylation at K242 (W = 0.63 | M = 0.48 | P = 0.03); Gain of Cadmium_binding at E241 (W = 0.49 | M = 0.56 | P = 0.03),-
10_101950636_T_C_NM_001278_c.A2198G,N733S,0.029,,,,Loss of N-linked_glycosylation at N733 (W = 0.41 | M = 0.00 | P = 0.01); Loss of GPI_anchor_amidation at N733 (W = 0.21 | M = 0.00 | P = 0.05); Gain of Signal_cleavage at Q731 (W = 0.01 | M = 0.01 | P = 0.05); Gain of Zinc_binding at Q731 (W = 0.44 | M = 0.50 | P = 0.07); Loss of Helix at G732 (W = 0.52 | M = 0.49 | P = 0.08),-
10_102048184_C_T_NM_001253837_c.G2246A,R749H,0.079,,,,Loss of Calmodulin_binding at P753 (W = 0.69 | M = 0.44 | P = 5.4e-03); Gain of Strand at T754 (W = 0.37 | M = 0.44 | P = 0.01); Loss of Coiled_coil at G750 (W = 0.55 | M = 0.32 | P = 0.01); Loss of Methylation at R749 (W = 0.58 | M = 0.00 | P = 0.02); Loss of ADP-ribosylation at R749 (W = 0.75 | M = 0.00 | P = 0.02),Predicted conservation scores
10_102048185_G_A_NM_001253837_c.C2245T,R749C,0.074,,,,Loss of Calmodulin_binding at T754 (W = 0.71 | M = 0.38 | P = 3.8e-04); Gain of Palmitoylation at R749 (W = 0.00 | M = 0.97 | P = 3.8e-04); Loss of Coiled_coil at R749 (W = 0.55 | M = 0.08 | P = 5.5e-03); Gain of Carboxylation at E751 (W = 0.30 | M = 0.60 | P = 7.0e-03); Gain of Disulfide_linkage at R749 (W = 0.00 | M = 0.43 | P = 7.8e-03),Predicted conservation scores
10_102048208_G_C_NM_001253837_c.C2222G,A741G,0.184,,,,Loss of Coiled_coil at E739 (W = 0.55 | M = 0.30 | P = 0.01); Loss of Helix at R737 (W = 0.55 | M = 0.48 | P = 0.02); Loss of MoRF at R746 (W = 0.53 | M = 0.45 | P = 0.04); Gain of DNA_binding at L742 (W = 0.48 | M = 0.58 | P = 0.09); Gain of Acetylation at K736 (W = 0.59 | M = 0.61 | P = 0.11),Predicted conservation scores
10_102048208_G_T_NM_001253837_c.C2222A,A741D,0.239,,,,Gain of Zinc_binding at A741 (W = 0.43 | M = 0.55 | P = 7.2e-03); Loss of Coiled_coil at E739 (W = 0.55 | M = 0.33 | P = 0.01); Loss of Helix at R737 (W = 0.55 | M = 0.51 | P = 0.05); Loss of MoRF at R746 (W = 0.53 | M = 0.47 | P = 0.07); Gain of Cadmium_binding at E739 (W = 0.42 | M = 0.47 | P = 0.07),Predicted conservation scores
10_102048749_A_G_NM_001253837_c.T2174C,V725A,0.119,,,,Gain of C-linked_glycosylation at W723 (W = 0.27 | M = 0.33 | P = 7.6e-03); Loss of Pyrrolidone_carboxylic_acid at Q729 (W = 0.30 | M = 0.23 | P = 0.07); Gain of B_factor at V725 (W = 0.51 | M = 0.60 | P = 0.08); Gain of Carboxylation at E730 (W = 0.75 | M = 0.75 | P = 0.12); Gain of Catalytic_site at Q726 (W = 0.31 | M = 0.44 | P = 0.13),Predicted conservation scores
10_102048752_C_G_NM_001253837_c.G2171C,G724A,0.17,,,,Loss of C-linked_glycosylation at W723 (W = 0.27 | M = 0.14 | P = 7.4e-03); Loss of Strand at G724 (W = 0.47 | M = 0.44 | P = 0.05); Gain of Pyrrolidone_carboxylic_acid at Q729 (W = 0.30 | M = 0.33 | P = 0.08); Loss of B_factor at G724 (W = 0.52 | M = 0.41 | P = 0.09); Loss of Loop at Q726 (W = 0.54 | M = 0.52 | P = 0.10),Predicted conservation scores
10_102048765_G_A_NM_001253837_c.C2158T,P720S,0.235,,,,Gain of Proteolytic_cleavage at T719 (W = 0.31 | M = 0.71 | P = 8.1e-03); Loss of C-linked_glycosylation at W723 (W = 0.27 | M = 0.24 | P = 9.8e-03); Loss of Loop at A717 (W = 0.43 | M = 0.37 | P = 0.04); Loss of Phosphorylation at T719 (W = 0.67 | M = 0.38 | P = 0.06); Loss of Motifs at P716 (W = 0.88 | M = 0.50 | P = 0.07),Predicted conservation scores
10_102048788_G_A_NM_001253837_c.C2135T,P712L,0.06,,,,Gain of MoRF at A715 (W = 0.33 | M = 0.47 | P = 9.5e-03); Loss of VSL2B_disorder at H711 (W = 0.62 | M = 0.42 | P = 0.01); Gain of Helix at P712 (W = 0.30 | M = 0.42 | P = 0.01); Loss of B_factor at P712 (W = 0.60 | M = 0.43 | P = 0.02); Gain of Proteolytic_cleavage at H711 (W = 0.34 | M = 0.67 | P = 0.02),Predicted conservation scores
10_102049774_C_T_NM_001253837_c.G2107A,V703M,0.052,,,,Loss of Pyrrolidone_carboxylic_acid at Q706 (W = 0.67 | M = 0.44 | P = 0.01); Loss of Proteolytic_cleavage at K704 (W = 0.65 | M = 0.36 | P = 0.03); Loss of MoRF at E705 (W = 0.47 | M = 0.39 | P = 0.05); Gain of VSL2B_disorder at P699 (W = 0.47 | M = 0.53 | P = 0.07); Loss of Ubiquitylation at K704 (W = 0.47 | M = 0.42 | P = 0.08),Predicted conservation scores
10_102049833_G_A_NM_001253837_c.C2048T,A683V,0.283,,,,Loss of Acetylation at K687 (W = 0.58 | M = 0.54 | P = 0.08); Gain of SUMOylation at K687 (W = 0.37 | M = 0.39 | P = 0.11); Loss of Coiled_coil at S679 (W = 0.12 | M = 0.04 | P = 0.11); Gain of O-linked_glycosylation at S686 (W = 0.41 | M = 0.48 | P = 0.12); Gain of Calmodulin_binding at V684 (W = 0.50 | M = 0.50 | P = 0.14),Predicted conservation scores
10_102050206_G_A_NM_001253837_c.C1937T,P646L,0.265,,,,Loss of Cobalt_binding at Q641 (W = 0.53 | M = 0.40 | P = 9.4e-03); Gain of Proteolytic_cleavage at G645 (W = 0.12 | M = 0.48 | P = 0.03); Loss of Loop at A649 (W = 0.43 | M = 0.37 | P = 0.04); Loss of Calcium_binding at A651 (W = 0.43 | M = 0.32 | P = 0.05); Gain of Calmodulin_binding at G642 (W = 0.41 | M = 0.48 | P = 0.06),Predicted conservation scores
10_102050242_C_A_NM_001253837_c.G1901T,R634L,0.377,,,,Loss of MoRF at S635 (W = 0.50 | M = 0.29 | P = 1.7e-03); Loss of Calmodulin_binding at I636 (W = 0.50 | M = 0.27 | P = 0.01); Loss of Cobalt_binding at R634 (W = 0.42 | M = 0.27 | P = 0.01); Loss of ADP-ribosylation at R634 (W = 0.65 | M = 0.00 | P = 0.04); Loss of Acetylation at K631 (W = 0.43 | M = 0.33 | P = 0.04),Predicted conservation scores
10_102051071_A_G_NM_001253837_c.T1853C,L618P,0.735,Loss of Proteolytic_cleavage at D617 (W = 0.86 | M = 0.51 | P = 0.03); Loss of Carboxylation at E621 (W = 0.43 | M = 0.28 | P = 0.03); Gain of Copper_binding at E619 (W = 0.38 | M = 0.46 | P = 0.05),,,Loss of Proteolytic_cleavage at D617 (W = 0.86 | M = 0.51 | P = 0.03); Loss of Carboxylation at E621 (W = 0.43 | M = 0.28 | P = 0.03); Gain of Copper_binding at E619 (W = 0.38 | M = 0.46 | P = 0.05); Gain of Surface_accessibility at L618 (W = 0.54 | M = 0.62 | P = 0.07); Gain of Iron_binding at E620 (W = 0.48 | M = 0.52 | P = 0.08),Predicted conservation scores
10_102051092_T_A_NM_001253837_c.A1832T,Q611L,0.559,,,,Gain of Proteolytic_cleavage at E610 (W = 0.35 | M = 0.76 | P = 5.6e-03); Gain of SUMOylation at K609 (W = 0.35 | M = 0.81 | P = 0.01); Gain of MoRF at D607 (W = 0.39 | M = 0.49 | P = 0.02); Gain of Carboxylation at E610 (W = 0.33 | M = 0.47 | P = 0.02); Gain of Ubiquitylation at K613 (W = 0.43 | M = 0.54 | P = 0.04),Predicted conservation scores
10_102051099_T_C_NM_001253837_c.A1825G,K609E,0.322,,,,Gain of Carboxylation at K609 (W = 0.00 | M = 0.42 | P = 7.0e-03); Loss of Acetylation at K609 (W = 0.52 | M = 0.00 | P = 9.0e-03); Loss of Ubiquitylation at K609 (W = 0.53 | M = 0.00 | P = 0.01); Gain of Copper_binding at D607 (W = 0.49 | M = 0.58 | P = 0.02); Loss of SUMOylation at K609 (W = 0.35 | M = 0.00 | P = 0.03),Predicted conservation scores
10_102051114_G_A_NM_001253837_c.C1810T,R604C,0.326,,,,Loss of Coiled_coil at R604 (W = 0.93 | M = 0.59 | P = 0.01); Gain of Disulfide_linkage at R604 (W = 0.00 | M = 0.34 | P = 0.01); Loss of Proteolytic_cleavage at R604 (W = 0.70 | M = 0.38 | P = 0.02); Loss of Cobalt_binding at D599 (W = 0.47 | M = 0.35 | P = 0.02); Loss of MoRF at D599 (W = 0.50 | M = 0.40 | P = 0.03),Predicted conservation scores
10_102051174_C_A_NM_001253837_c.G1750T,A584S,0.141,,,,Gain of Phosphorylation at A584 (W = 0.00 | M = 0.48 | P = 0.03); Gain of MoRF at R579 (W = 0.33 | M = 0.42 | P = 0.06); Gain of Motifs at A584 (W = 0.50 | M = 0.88 | P = 0.06); Gain of Carboxylation at E580 (W = 0.42 | M = 0.42 | P = 0.06); Gain of O-linked_glycosylation at A584 (W = 0.00 | M = 0.32 | P = 0.07),Predicted conservation scores
10_102053123_G_T_NM_001253837_c.C1532A,A511D,0.902,Gain of Cytoplasmic_loop at A511 (W = 0.53 | M = 0.60 | P = 9.4e-03); Loss of Transmembrane_region at I513 (W = 0.64 | M = 0.58 | P = 0.02); Loss of GPI_anchor_amidation at N514 (W = 0.31 | M = 0.23 | P = 0.03); Gain of Manganese_binding at F509 (W = 0.41 | M = 0.50 | P = 0.03); Loss of Coiled_coil at F509 (W = 0.89 | M = 0.74 | P = 0.05),,,Gain of Cytoplasmic_loop at A511 (W = 0.53 | M = 0.60 | P = 9.4e-03); Loss of Transmembrane_region at I513 (W = 0.64 | M = 0.58 | P = 0.02); Loss of GPI_anchor_amidation at N514 (W = 0.31 | M = 0.23 | P = 0.03); Gain of Manganese_binding at F509 (W = 0.41 | M = 0.50 | P = 0.03); Loss of Coiled_coil at F509 (W = 0.89 | M = 0.74 | P = 0.05),Predicted conservation scores
10_102054309_C_T_NM_001253837_c.G1501A,V501I,0.459,,,,Gain of Coiled_coil at L505 (W = 0.13 | M = 0.39 | P = 0.01); Loss of Signal_helix at V504 (W = 0.04 | M = 0.04 | P = 0.06); Loss of C-terminal_signal at T496 (W = 0.04 | M = 0.04 | P = 0.08); Gain of Transmembrane_region at T496 (W = 0.92 | M = 0.94 | P = 0.11); Loss of N-terminal_signal at F499 (W = 0.02 | M = 0.01 | P = 0.11),Predicted conservation scores
10_102054324_T_C_NM_001253837_c.A1486G,T496A,0.588,,,,Loss of O-linked_glycosylation at T496 (W = 0.61 | M = 0.00 | P = 0.01); Gain of Transmembrane_region at P491 (W = 0.51 | M = 0.57 | P = 0.02); Loss of C-terminal_signal at V495 (W = 0.08 | M = 0.05 | P = 0.05); Gain of Signal_helix at V501 (W = 0.04 | M = 0.04 | P = 0.06); Loss of Non-cytoplasmic_loop at P491 (W = 0.20 | M = 0.18 | P = 0.07),Predicted conservation scores
10_102054351_G_A_NM_1253837_c.C1459T,R487C,0.611,,,,Loss of Surface_accessibility at R487 (W = 0.61 | M = 0.31 | P = 1.5e-03); Gain of Non-cytoplasmic_loop at I482 (W = 0.42 | M = 0.48 | P = 2.4e-03); Gain of Transmembrane_region at G490 (W = 0.34 | M = 0.47 | P = 7.9e-03); Gain of Palmitoylation at R487 (W = 0.00 | M = 0.53 | P = 9.4e-03); Gain of Disulfide_linkage at R487 (W = 0.00 | M = 0.40 | P = 1.0e-02),Predicted conservation scores
10_102054739_C_T_NM_001253837_c.G1357A,G453R,0.882,Gain of Catalytic_site at G453 (W = 0.46 | M = 0.77 | P = 2.6e-03); Loss of Cytoplasmic_loop at N458 (W = 0.48 | M = 0.38 | P = 3.7e-03); Loss of Potassium_binding at G453 (W = 0.64 | M = 0.50 | P = 7.3e-03); Loss of Sodium_binding at L451 (W = 0.57 | M = 0.45 | P = 7.4e-03); Loss of Transmembrane_region at L451 (W = 0.54 | M = 0.42 | P = 8.0e-03); Gain of GPI_anchor_amidation at N458 (W = 0.27 | M = 0.42 | P = 0.01); Gain of Allosteric_site at G453 (W = 0.29 | M = 0.42 | P = 0.04); Loss of C-terminal_signal at G448 (W = 0.08 | M = 0.05 | P = 0.04),,Gain of Non-cytoplasmic_loop at G453 (W = 0.50 | M = 0.58 | P = 8.5e-04),Gain of Non-cytoplasmic_loop at G453 (W = 0.50 | M = 0.58 | P = 8.5e-04); Gain of Catalytic_site at G453 (W = 0.46 | M = 0.77 | P = 2.6e-03); Loss of Cytoplasmic_loop at N458 (W = 0.48 | M = 0.38 | P = 3.7e-03); Loss of Potassium_binding at G453 (W = 0.64 | M = 0.50 | P = 7.3e-03); Loss of Sodium_binding at L451 (W = 0.57 | M = 0.45 | P = 7.4e-03),Predicted conservation scores
10_102054804_A_G_NM_001253837_c.T1292C,L431P,0.784,Loss of Transmembrane_region at D429 (W = 0.58 | M = 0.42 | P = 4.9e-03); Gain of Hydroxylation at L431 (W = 0.00 | M = 0.44 | P = 8.9e-03); Loss of Cytoplasmic_loop at D429 (W = 0.57 | M = 0.51 | P = 0.01); Loss of Coiled_coil at C426 (W = 0.40 | M = 0.16 | P = 0.02); Loss of Palmitoylation at C426 (W = 0.37 | M = 0.27 | P = 0.02); Gain of Non-cytoplasmic_loop at C426 (W = 0.30 | M = 0.31 | P = 0.03); Gain of Signal_helix at V435 (W = 0.05 | M = 0.08 | P = 0.04); Gain of B_factor at L431 (W = 0.30 | M = 0.44 | P = 0.05); Loss of Cobalt_binding at C426 (W = 0.49 | M = 0.40 | P = 0.05),,,Loss of Transmembrane_region at D429 (W = 0.58 | M = 0.42 | P = 4.9e-03); Gain of Hydroxylation at L431 (W = 0.00 | M = 0.44 | P = 8.9e-03); Loss of Cytoplasmic_loop at D429 (W = 0.57 | M = 0.51 | P = 0.01); Loss of Coiled_coil at C426 (W = 0.40 | M = 0.16 | P = 0.02); Loss of Palmitoylation at C426 (W = 0.37 | M = 0.27 | P = 0.02),Predicted conservation scores
10_102054823_G_A_NM_001253837_c.C1273T,R425C,0.63,,,,Gain of Iron_binding at R425 (W = 0.33 | M = 0.61 | P = 3.3e-04); Gain of Palmitoylation at R425 (W = 0.00 | M = 0.93 | P = 6.7e-04); Loss of Surface_accessibility at R425 (W = 0.57 | M = 0.28 | P = 2.4e-03); Gain of Transmembrane_region at C426 (W = 0.31 | M = 0.47 | P = 4.9e-03); Loss of Coiled_coil at S421 (W = 0.53 | M = 0.27 | P = 0.01),Predicted conservation scores
10_102054831_G_A_NM_001253837_c.C1265T,T422M,0.545,,,,Loss of O-linked_glycosylation at S421 (W = 0.82 | M = 0.03 | P = 3.7e-03); Gain of Non-cytoplasmic_loop at T422 (W = 0.31 | M = 0.34 | P = 0.02); Gain of Transmembrane_region at A427 (W = 0.41 | M = 0.45 | P = 0.02); Loss of Amidation at S420 (W = 0.79 | M = 0.00 | P = 0.02); Loss of Coiled_coil at R425 (W = 0.40 | M = 0.33 | P = 0.03),Predicted conservation scores
10_102054846_G_A_NM_001253837_c.C1250T,T417I,0.398,,,,Loss of Cytoplasmic_loop at T417 (W = 0.64 | M = 0.57 | P = 0.01); Loss of Coiled_coil at N413 (W = 0.54 | M = 0.32 | P = 0.01); Gain of Non-cytoplasmic_loop at T422 (W = 0.31 | M = 0.34 | P = 0.02); Loss of Amidation at S420 (W = 0.79 | M = 0.00 | P = 0.02); Loss of B_factor at T417 (W = 0.51 | M = 0.34 | P = 0.02),Predicted conservation scores
10_102054868_T_C_NM_001253837_c.A1228G,I410V,0.351,,,,Gain of GPI_anchor_amidation at N413 (W = 0.14 | M = 0.40 | P = 6.9e-03); Loss of Cytoplasmic_loop at N413 (W = 0.49 | M = 0.47 | P = 0.03); Gain of Helix at Y409 (W = 0.43 | M = 0.49 | P = 0.03); Gain of Coiled_coil at T415 (W = 0.54 | M = 0.54 | P = 0.03); Gain of Non-cytoplasmic_loop at K414 (W = 0.28 | M = 0.29 | P = 0.03),Predicted conservation scores
10_102055890_C_T_NM_001253837_c.G1204A,A402T,0.334,,,,Loss of Transmembrane_region at W403 (W = 0.63 | M = 0.50 | P = 7.3e-03); Loss of Signal_helix at A402 (W = 0.09 | M = 0.06 | P = 0.03); Gain of Coiled_coil at F400 (W = 0.12 | M = 0.25 | P = 0.04); Loss of C-linked_glycosylation at W403 (W = 0.03 | M = 0.03 | P = 0.05); Gain of N-terminal_signal at I404 (W = 0.02 | M = 0.03 | P = 0.07),Predicted conservation scores
10_102055956_C_A_NM_001253837_c.G1138T,D380Y,0.759,Gain of Coiled_coil at E382 (W = 0.01 | M = 0.68 | P = 8.3e-04); Loss of Sodium_binding at D380 (W = 0.60 | M = 0.45 | P = 1.8e-03); Gain of PPI_hotspot at D380 (W = 0.28 | M = 0.56 | P = 3.0e-03); Loss of Potassium_binding at F381 (W = 0.61 | M = 0.49 | P = 0.02); Gain of Non-cytoplasmic_loop at L384 (W = 0.29 | M = 0.33 | P = 0.02),,,Gain of Coiled_coil at E382 (W = 0.01 | M = 0.68 | P = 8.3e-04); Loss of Sodium_binding at D380 (W = 0.60 | M = 0.45 | P = 1.8e-03); Gain of PPI_hotspot at D380 (W = 0.28 | M = 0.56 | P = 3.0e-03); Loss of Potassium_binding at F381 (W = 0.61 | M = 0.49 | P = 0.02); Gain of Non-cytoplasmic_loop at L384 (W = 0.29 | M = 0.33 | P = 0.02),Predicted conservation scores
10_102056015_C_T_NM_001253837_c.G1079A,R360Q,0.611,,,,Gain of Non-cytoplasmic_loop at E363 (W = 0.48 | M = 0.50 | P = 7.8e-03); Gain of Transmembrane_region at I358 (W = 0.49 | M = 0.55 | P = 0.02); Gain of Cytoplasmic_loop at L362 (W = 0.42 | M = 0.47 | P = 0.02); Gain of Manganese_binding at F359 (W = 0.34 | M = 0.44 | P = 0.05); Loss of Coiled_coil at N365 (W = 0.24 | M = 0.17 | P = 0.06),Predicted conservation scores
10_102056033_A_C_NM_001253837_c.T1061G,V354G,0.836,Loss of Transmembrane_region at H357 (W = 0.52 | M = 0.39 | P = 6.7e-03); Gain of Copper_binding at V354 (W = 0.57 | M = 0.65 | P = 0.04),,,Loss of Transmembrane_region at H357 (W = 0.52 | M = 0.39 | P = 6.7e-03); Gain of Copper_binding at V354 (W = 0.57 | M = 0.65 | P = 0.04); Loss of Non-cytoplasmic_loop at F359 (W = 0.23 | M = 0.23 | P = 0.06); Gain of B_factor at V354 (W = 0.22 | M = 0.38 | P = 0.06); Loss of PPI_hotspot at V354 (W = 0.40 | M = 0.26 | P = 0.07),Predicted conservation scores
10_102056745_C_T_NM_001253837_c.G1036A,V346I,0.233,,,,Loss of Transmembrane_region at I341 (W = 0.63 | M = 0.62 | P = 0.04); Loss of Signal_helix at V346 (W = 0.03 | M = 0.03 | P = 0.08); Gain of O-linked_glycosylation at S350 (W = 0.45 | M = 0.45 | P = 0.17); Gain of Iron_binding at L344 (W = 0.46 | M = 0.48 | P = 0.18); Gain of Catalytic_site at D343 (W = 0.52 | M = 0.58 | P = 0.23),Predicted conservation scores
10_102056747_A_C_NM_001253837_c.T1034G,V345G,0.83,Loss of Stability (S = -1.77 | P = 8.5e-03); Gain of Transmembrane_region at N340 (W = 0.42 | M = 0.44 | P = 0.03),,,Loss of Stability (S = -1.77 | P = 8.5e-03); Gain of Transmembrane_region at N340 (W = 0.42 | M = 0.44 | P = 0.03); Loss of Signal_helix at V346 (W = 0.03 | M = 0.03 | P = 0.08); Loss of Nickel_binding at D343 (W = 0.52 | M = 0.45 | P = 0.10); Gain of PPI_hotspot at L344 (W = 0.51 | M = 0.59 | P = 0.12),Predicted conservation scores
10_102056768_A_T_NM_001253837_c.T1013A,I338N,0.805,Gain of Cytoplasmic_loop at I338 (W = 0.43 | M = 0.51 | P = 7.1e-03); Loss of Transmembrane_region at N340 (W = 0.42 | M = 0.31 | P = 0.01); Gain of Manganese_binding at N340 (W = 0.47 | M = 0.58 | P = 0.01); Gain of B_factor at I338 (W = 0.27 | M = 0.46 | P = 0.01); Loss of Non-cytoplasmic_loop at R333 (W = 0.32 | M = 0.31 | P = 0.03),,Loss of Stability (S = -2.06 | P = 6.4e-04),Loss of Stability (S = -2.06 | P = 6.4e-04); Gain of Cytoplasmic_loop at I338 (W = 0.43 | M = 0.51 | P = 7.1e-03); Loss of Transmembrane_region at N340 (W = 0.42 | M = 0.31 | P = 0.01); Gain of Manganese_binding at N340 (W = 0.47 | M = 0.58 | P = 0.01); Gain of B_factor at I338 (W = 0.27 | M = 0.46 | P = 0.01),Predicted conservation scores
10_102056790_G_A_NM_001253837_c.C991T,R331W,0.699,Gain of Non-cytoplasmic_loop at L327 (W = 0.38 | M = 0.44 | P = 3.4e-03); Loss of DNA_binding at R333 (W = 0.67 | M = 0.47 | P = 7.8e-03); Loss of Surface_accessibility at R331 (W = 0.68 | M = 0.47 | P = 9.2e-03); Gain of RNA_binding at R331 (W = 0.49 | M = 0.61 | P = 0.01); Gain of Iron_binding at R331 (W = 0.26 | M = 0.42 | P = 0.02); Gain of Hydroxylation at Y334 (W = 0.37 | M = 0.48 | P = 0.04),,,Gain of Non-cytoplasmic_loop at L327 (W = 0.38 | M = 0.44 | P = 3.4e-03); Loss of DNA_binding at R333 (W = 0.67 | M = 0.47 | P = 7.8e-03); Loss of Surface_accessibility at R331 (W = 0.68 | M = 0.47 | P = 9.2e-03); Gain of RNA_binding at R331 (W = 0.49 | M = 0.61 | P = 0.01); Gain of Iron_binding at R331 (W = 0.26 | M = 0.42 | P = 0.02),Predicted conservation scores
10_102056809_G_C_NM_001253837_c.C972G,I324M,0.605,,,,Gain of Non-cytoplasmic_loop at E323 (W = 0.42 | M = 0.48 | P = 2.6e-03); Gain of Cytoplasmic_loop at L325 (W = 0.57 | M = 0.69 | P = 5.3e-03); Gain of Transmembrane_region at Y319 (W = 0.54 | M = 0.63 | P = 0.01); Loss of N-terminal_signal at I324 (W = 0.07 | M = 0.06 | P = 0.03); Gain of B_factor at I324 (W = 0.40 | M = 0.50 | P = 0.06),Predicted conservation scores
10_102056842_G_C_NM_001253837_c.C939G,C313W,0.875,Gain of Catalytic_site at V310 (W = 0.49 | M = 0.78 | P = 5.5e-03); Gain of PPI_hotspot at C313 (W = 0.38 | M = 0.58 | P = 0.02); Gain of Transmembrane_region at E309 (W = 0.43 | M = 0.47 | P = 0.02); Gain of C-linked_glycosylation at C313 (W = 0.00 | M = 0.10 | P = 0.03); Loss of Iron_binding at F312 (W = 0.50 | M = 0.43 | P = 0.03); Gain of Palmitoylation at C308 (W = 0.23 | M = 0.37 | P = 0.04); Gain of Proteolytic_cleavage at C313 (W = 0.43 | M = 0.71 | P = 0.04); Gain of Non-cytoplasmic_loop at Y318 (W = 0.24 | M = 0.26 | P = 0.05),,,Gain of Catalytic_site at V310 (W = 0.49 | M = 0.78 | P = 5.5e-03); Gain of PPI_hotspot at C313 (W = 0.38 | M = 0.58 | P = 0.02); Gain of Transmembrane_region at E309 (W = 0.43 | M = 0.47 | P = 0.02); Gain of C-linked_glycosylation at C313 (W = 0.00 | M = 0.10 | P = 0.03); Loss of Iron_binding at F312 (W = 0.50 | M = 0.43 | P = 0.03),Predicted conservation scores
10_102056888_A_T_NM_001253837_c.T893A,V298D,0.791,Gain of Non-cytoplasmic_loop at K293 (W = 0.46 | M = 0.50 | P = 3.4e-03); Gain of B_factor at V298 (W = 0.27 | M = 0.45 | P = 0.02); Loss of Stability (S = -1.57 | P = 0.03); Loss of Calmodulin_binding at L294 (W = 0.53 | M = 0.38 | P = 0.04); Gain of Proteolytic_cleavage at K293 (W = 0.46 | M = 0.75 | P = 0.05); Loss of Sodium_binding at N300 (W = 0.53 | M = 0.44 | P = 0.05),,,Gain of Non-cytoplasmic_loop at K293 (W = 0.46 | M = 0.50 | P = 3.4e-03); Gain of B_factor at V298 (W = 0.27 | M = 0.45 | P = 0.02); Loss of Stability (S = -1.57 | P = 0.03); Loss of Calmodulin_binding at L294 (W = 0.53 | M = 0.38 | P = 0.04); Gain of Proteolytic_cleavage at K293 (W = 0.46 | M = 0.75 | P = 0.05),Predicted conservation scores
10_102057196_A_G_NM_001253837_c.T758C,V253A,0.235,,,,Loss of Stability (S = -1.53 | P = 0.04); Loss of Strand at R252 (W = 0.51 | M = 0.49 | P = 0.07); Loss of Non-cytoplasmic_loop at T251 (W = 0.18 | M = 0.18 | P = 0.09); Gain of Amidation at T251 (W = 0.00 | M = 0.50 | P = 0.09); Loss of RNA_binding at V253 (W = 0.62 | M = 0.56 | P = 0.11),Predicted conservation scores
10_102057199_C_G_NM_001253837_c.G755C,R252P,0.948,Loss of Allosteric_site at R252 (W = 0.52 | M = 0.32 | P = 5.0e-03); Gain of Magnesium_binding at R252 (W = 0.45 | M = 0.57 | P = 6.0e-03); Loss of Sodium_binding at R252 (W = 0.59 | M = 0.48 | P = 0.01); Gain of Strand at L247 (W = 0.53 | M = 0.58 | P = 0.03); Gain of Loop at D248 (W = 0.27 | M = 0.37 | P = 0.04); Gain of Manganese_binding at T251 (W = 0.50 | M = 0.58 | P = 0.04),,,Loss of Allosteric_site at R252 (W = 0.52 | M = 0.32 | P = 5.0e-03); Gain of Magnesium_binding at R252 (W = 0.45 | M = 0.57 | P = 6.0e-03); Loss of Sodium_binding at R252 (W = 0.59 | M = 0.48 | P = 0.01); Gain of Strand at L247 (W = 0.53 | M = 0.58 | P = 0.03); Gain of Loop at D248 (W = 0.27 | M = 0.37 | P = 0.04),Predicted conservation scores
10_102057238_C_A_NM_001253837_c.G716T,R239L,0.555,,,,Gain of Nickel_binding at A240 (W = 0.29 | M = 0.44 | P = 0.02); Gain of Non-cytoplasmic_loop at E243 (W = 0.30 | M = 0.33 | P = 0.02); Loss of ADP-ribosylation at R239 (W = 0.77 | M = 0.00 | P = 0.02); Gain of Cobalt_binding at E243 (W = 0.33 | M = 0.44 | P = 0.03); Loss of Methylation at R239 (W = 0.53 | M = 0.00 | P = 0.03),Predicted conservation scores
10_102057238_C_T_NM_001253837_c.G716A,R239Q,0.198,,,,Gain of Cobalt_binding at A235 (W = 0.37 | M = 0.47 | P = 0.02); Loss of ADP-ribosylation at R239 (W = 0.77 | M = 0.00 | P = 0.02); Gain of Non-cytoplasmic_loop at Q242 (W = 0.30 | M = 0.32 | P = 0.02); Loss of Methylation at R239 (W = 0.53 | M = 0.00 | P = 0.03); Gain of Nickel_binding at A237 (W = 0.27 | M = 0.41 | P = 0.06),Predicted conservation scores
10_102057262_C_T_NM_001253837_c.G692A,R231Q,0.299,,,,Loss of ADP-ribosylation at R231 (W = 0.71 | M = 0.00 | P = 0.03); Loss of Methylation at R231 (W = 0.38 | M = 0.00 | P = 0.06); Loss of Phosphorylation at S234 (W = 0.52 | M = 0.25 | P = 0.06); Gain of Calcium_binding at S230 (W = 0.40 | M = 0.48 | P = 0.09); Loss of Pyrrolidone_carboxylic_acid at Q232 (W = 0.23 | M = 0.07 | P = 0.09),Predicted conservation scores
10_102057296_C_T_NM_001253837_c.G658A,G220R,0.691,Loss of Iron_binding at G220 (W = 0.65 | M = 0.46 | P = 9.3e-04); Loss of Sulfation at Y224 (W = 0.61 | M = 0.50 | P = 8.4e-03); Loss of Magnesium_binding at G220 (W = 0.52 | M = 0.42 | P = 0.01); Gain of Catalytic_site at G220 (W = 0.20 | M = 0.43 | P = 0.03); Gain of ADP-ribosylation at G220 (W = 0.00 | M = 0.65 | P = 0.03); Gain of Proteolytic_cleavage at G220 (W = 0.13 | M = 0.49 | P = 0.03); Loss of Loop at G220 (W = 0.71 | M = 0.61 | P = 0.03); Loss of Calcium_binding at G221 (W = 0.49 | M = 0.38 | P = 0.04); Gain of Methylation at G220 (W = 0.00 | M = 0.40 | P = 0.04); Loss of RNA_binding at G221 (W = 0.63 | M = 0.54 | P = 0.05); Loss of Sodium_binding at S217 (W = 0.55 | M = 0.46 | P = 0.05),,,Loss of Iron_binding at G220 (W = 0.65 | M = 0.46 | P = 9.3e-04); Loss of Sulfation at Y224 (W = 0.61 | M = 0.50 | P = 8.4e-03); Loss of Magnesium_binding at G220 (W = 0.52 | M = 0.42 | P = 0.01); Gain of Catalytic_site at G220 (W = 0.20 | M = 0.43 | P = 0.03); Gain of ADP-ribosylation at G220 (W = 0.00 | M = 0.65 | P = 0.03),Predicted conservation scores
10_102057332_C_T_NM_001253837_c.G622A,G208S,0.399,,,,Gain of O-linked_glycosylation at G208 (W = 0.00 | M = 0.54 | P = 0.02); Loss of C-linked_glycosylation at W212 (W = 0.07 | M = 0.06 | P = 0.03); Gain of Strand at G213 (W = 0.56 | M = 0.59 | P = 0.09); Gain of VSL2B_disorder at G207 (W = 0.47 | M = 0.51 | P = 0.11); Gain of Carboxylation at E205 (W = 0.21 | M = 0.23 | P = 0.14),Predicted conservation scores
10_102057362_A_C_NM_001253837_c.T592G,W198G,0.902,Gain of B_factor at W198 (W = 0.32 | M = 0.55 | P = 1.8e-03); Gain of VSL2B_disorder at T199 (W = 0.26 | M = 0.49 | P = 3.7e-03); Loss of Catalytic_site at W198 (W = 0.69 | M = 0.41 | P = 5.1e-03); Gain of Surface_accessibility at A197 (W = 0.51 | M = 0.68 | P = 0.01); Loss of Strand at W198 (W = 0.49 | M = 0.45 | P = 0.02); Loss of RNA_binding at W198 (W = 0.82 | M = 0.64 | P = 0.02); Loss of Manganese_binding at A197 (W = 0.46 | M = 0.37 | P = 0.03); Gain of Sulfation at Y200 (W = 0.13 | M = 0.25 | P = 0.03); Gain of N-linked_glycosylation at N194 (W = 0.41 | M = 0.51 | P = 0.03); Gain of O-linked_glycosylation at T199 (W = 0.26 | M = 0.51 | P = 0.04),,Loss of PPI_hotspot at W198 (W = 0.68 | M = 0.38 | P = 7.5e-04); Gain of Calcium_binding at W198 (W = 0.37 | M = 0.54 | P = 8.1e-04),Loss of PPI_hotspot at W198 (W = 0.68 | M = 0.38 | P = 7.5e-04); Gain of Calcium_binding at W198 (W = 0.37 | M = 0.54 | P = 8.1e-04); Gain of B_factor at W198 (W = 0.32 | M = 0.55 | P = 1.8e-03); Gain of VSL2B_disorder at T199 (W = 0.26 | M = 0.49 | P = 3.7e-03); Loss of Catalytic_site at W198 (W = 0.69 | M = 0.41 | P = 5.1e-03),Predicted conservation scores
10_102058395_C_T_NM_001253837_c.G514A,D172N,0.365,,,,Loss of Sulfation at Y177 (W = 0.43 | M = 0.39 | P = 0.02); Loss of Cadmium_binding at R170 (W = 0.46 | M = 0.42 | P = 0.06); Loss of Calcium_binding at R170 (W = 0.44 | M = 0.35 | P = 0.09); Loss of Disulfide_linkage at C176 (W = 0.68 | M = 0.68 | P = 0.10); Loss of Palmitoylation at C176 (W = 0.10 | M = 0.13 | P = 0.13),Predicted conservation scores
10_102058400_C_T_NM_001253837_c.G509A,R170Q,0.228,,,,Loss of ADP-ribosylation at R170 (W = 0.67 | M = 0.00 | P = 0.04); Loss of Helix at R170 (W = 0.46 | M = 0.42 | P = 0.08); Gain of Cadmium_binding at D168 (W = 0.48 | M = 0.51 | P = 0.10); Gain of Copper_binding at D168 (W = 0.53 | M = 0.58 | P = 0.10); Gain of PPI_residue at H166 (W = 0.49 | M = 0.51 | P = 0.10),Predicted conservation scores
10_102058429_A_C_NM_001253837_c.T480G,N160K,0.51,,,,Loss of N-linked_glycosylation at N160 (W = 0.70 | M = 0.00 | P = 2.4e-03); Loss of PPI_residue at V164 (W = 0.50 | M = 0.43 | P = 0.01); Loss of Cobalt_binding at C163 (W = 0.51 | M = 0.40 | P = 0.02); Gain of Ubiquitylation at N160 (W = 0.00 | M = 0.48 | P = 0.02); Loss of Potassium_binding at S162 (W = 0.56 | M = 0.45 | P = 0.02),Predicted conservation scores
10_102058433_C_T_NM_001253837_c.G476A,R159H,0.34,,,,Gain of Potassium_binding at N160 (W = 0.44 | M = 0.56 | P = 0.02); Loss of Pyrrolidone_carboxylic_acid at Q155 (W = 0.69 | M = 0.59 | P = 0.03); Loss of Disulfide_linkage at C163 (W = 0.61 | M = 0.59 | P = 0.04); Gain of Cadmium_binding at D161 (W = 0.35 | M = 0.44 | P = 0.04); Loss of Magnesium_binding at L156 (W = 0.48 | M = 0.39 | P = 0.05),Predicted conservation scores
10_102058448_C_T_NM_001253837_c.G461A,R154Q,0.549,,,,Loss of Pyrrolidone_carboxylic_acid at Q155 (W = 0.69 | M = 0.07 | P = 1.6e-03); Gain of Strand at R152 (W = 0.38 | M = 0.46 | P = 8.2e-03); Loss of Helix at R152 (W = 0.48 | M = 0.39 | P = 0.01); Loss of Proteolytic_cleavage at R154 (W = 0.68 | M = 0.35 | P = 0.02); Gain of Iron_binding at V150 (W = 0.44 | M = 0.54 | P = 0.02),Predicted conservation scores
10_102058449_G_A_NM_001253837_c.C460T,R154W,0.714,Gain of Loop at G149 (W = 0.33 | M = 0.50 | P = 1.5e-03); Loss of Pyrrolidone_carboxylic_acid at Q155 (W = 0.69 | M = 0.23 | P = 3.9e-03); Loss of Helix at R152 (W = 0.48 | M = 0.36 | P = 4.7e-03); Loss of Calcium_binding at L156 (W = 0.46 | M = 0.30 | P = 6.3e-03); Gain of Strand at R152 (W = 0.38 | M = 0.46 | P = 7.9e-03); Loss of Surface_accessibility at R154 (W = 0.54 | M = 0.37 | P = 0.02); Gain of Iron_binding at V150 (W = 0.44 | M = 0.56 | P = 0.02); Gain of Magnesium_binding at R154 (W = 0.43 | M = 0.52 | P = 0.03); Loss of Motifs at R154 (W = 0.95 | M = 0.50 | P = 0.03),,,Gain of Loop at G149 (W = 0.33 | M = 0.50 | P = 1.5e-03); Loss of Pyrrolidone_carboxylic_acid at Q155 (W = 0.69 | M = 0.23 | P = 3.9e-03); Loss of Helix at R152 (W = 0.48 | M = 0.36 | P = 4.7e-03); Loss of Calcium_binding at L156 (W = 0.46 | M = 0.30 | P = 6.3e-03); Gain of Strand at R152 (W = 0.38 | M = 0.46 | P = 7.9e-03),Predicted conservation scores
10_102058550_T_C_NM_001253837_c.A359G,D120G,0.745,Loss of Helix at P117 (W = 0.48 | M = 0.34 | P = 3.1e-03); Gain of C-linked_glycosylation at W124 (W = 0.10 | M = 0.13 | P = 0.02); Gain of DNA_binding at S121 (W = 0.26 | M = 0.44 | P = 0.03); Loss of Nickel_binding at Y123 (W = 0.48 | M = 0.38 | P = 0.04); Loss of Loop at Q115 (W = 0.58 | M = 0.53 | P = 0.04); Loss of Manganese_binding at L118 (W = 0.47 | M = 0.38 | P = 0.04),,,Loss of Helix at P117 (W = 0.48 | M = 0.34 | P = 3.1e-03); Gain of C-linked_glycosylation at W124 (W = 0.10 | M = 0.13 | P = 0.02); Gain of DNA_binding at S121 (W = 0.26 | M = 0.44 | P = 0.03); Loss of Nickel_binding at Y123 (W = 0.48 | M = 0.38 | P = 0.04); Loss of Loop at Q115 (W = 0.58 | M = 0.53 | P = 0.04),Predicted conservation scores
10_102089001_C_T_NM_001253837_c.G175A,V59I,0.12,,,,Gain of Transmembrane_region at R55 (W = 0.41 | M = 0.43 | P = 0.03); Loss of Cytoplasmic_loop at R55 (W = 0.59 | M = 0.59 | P = 0.05); Gain of Signal_helix at L64 (W = 0.03 | M = 0.03 | P = 0.07); Loss of Stability (S = -1.39 | P = 0.08); Loss of Proteolytic_cleavage at Y60 (W = 0.41 | M = 0.17 | P = 0.16),Predicted conservation scores
10_102089027_A_T_NM_001253837_c.T149A,I50N,0.784,Loss of Stability (S = -1.95 | P = 1.8e-03); Gain of VSL2B_disorder at L48 (W = 0.36 | M = 0.54 | P = 8.0e-03); Gain of B_factor at I50 (W = 0.30 | M = 0.50 | P = 8.9e-03); Loss of Transmembrane_region at R55 (W = 0.41 | M = 0.33 | P = 0.02); Gain of Carboxylation at E47 (W = 0.43 | M = 0.59 | P = 0.02); Gain of Zinc_binding at E47 (W = 0.39 | M = 0.48 | P = 0.04); Loss of N-terminal_signal at R46 (W = 0.05 | M = 0.04 | P = 0.04),,,Loss of Stability (S = -1.95 | P = 1.8e-03); Gain of VSL2B_disorder at L48 (W = 0.36 | M = 0.54 | P = 8.0e-03); Gain of B_factor at I50 (W = 0.30 | M = 0.50 | P = 8.9e-03); Loss of Transmembrane_region at R55 (W = 0.41 | M = 0.33 | P = 0.02); Gain of Carboxylation at E47 (W = 0.43 | M = 0.59 | P = 0.02),Predicted conservation scores
10_102089039_C_T_NM_001253837_c.G137A,R46Q,0.467,,,,Gain of GPI_anchor_amidation at N45 (W = 0.14 | M = 0.47 | P = 3.7e-03); Gain of Iron_binding at R46 (W = 0.38 | M = 0.49 | P = 0.02); Loss of Methylation at R46 (W = 0.52 | M = 0.00 | P = 0.03); Loss of Cytoplasmic_loop at N41 (W = 0.49 | M = 0.47 | P = 0.03); Loss of N-terminal_signal at R46 (W = 0.05 | M = 0.02 | P = 0.04),Predicted conservation scores
10_102089096_A_G_NM_001253837_c.T80C,L27P,0.274,,,,Gain of B_factor at L27 (W = 0.53 | M = 0.71 | P = 0.02); Loss of Proteolytic_cleavage at S26 (W = 0.58 | M = 0.24 | P = 0.02); Gain of VSL2B_disorder at C29 (W = 0.38 | M = 0.52 | P = 0.02); Gain of Hydroxylation at P28 (W = 0.17 | M = 0.43 | P = 0.02); Gain of Cobalt_binding at S23 (W = 0.26 | M = 0.40 | P = 0.02),Predicted conservation scores
10_102089635_C_A_NM_001253837_c.G63T,K21N,0.192,,,,Loss of SUMOylation at K21 (W = 0.64 | M = 0.00 | P = 4.4e-03); Loss of Ubiquitylation at K21 (W = 0.57 | M = 0.00 | P = 8.4e-03); Loss of Methylation at K21 (W = 0.64 | M = 0.00 | P = 0.01); Gain of Copper_binding at S19 (W = 0.49 | M = 0.57 | P = 0.02); Gain of PPI_residue at S26 (W = 0.50 | M = 0.56 | P = 0.02),Predicted conservation scores
10_102089663_C_T_NM_001253837_c.G35A,C12Y,0.167,,,,Gain of PPI_residue at P10 (W = 0.43 | M = 0.51 | P = 4.1e-03); Loss of Iron_binding at C12 (W = 0.47 | M = 0.33 | P = 5.1e-03); Gain of PPI_hotspot at C12 (W = 0.31 | M = 0.57 | P = 5.2e-03); Loss of Disulfide_linkage at C12 (W = 0.57 | M = 0.00 | P = 7.2e-03); Gain of Hydroxylation at C12 (W = 0.00 | M = 0.37 | P = 0.02),Predicted conservation scores
10_102089718_G_C_NM_016112_c.C143G,P48R,0.147,,,,Gain of ADP-ribosylation at P48 (W = 0.00 | M = 0.80 | P = 0.01); Loss of Hydroxylation at P48 (W = 0.47 | M = 0.00 | P = 0.02); Gain of Proteolytic_cleavage at P48 (W = 0.25 | M = 0.59 | P = 0.02); Loss of Nickel_binding at P53 (W = 0.48 | M = 0.38 | P = 0.03); Gain of DNA_binding at P50 (W = 0.49 | M = 0.64 | P = 0.04),-
10_102089764_C_T_NM_016112_c.G97A,G33R,0.158,,,,Loss of Nickel_binding at V37 (W = 0.49 | M = 0.37 | P = 0.02); Gain of Surface_accessibility at G33 (W = 0.59 | M = 0.77 | P = 0.02); Loss of Iron_binding at R36 (W = 0.52 | M = 0.45 | P = 0.02); Loss of Magnesium_binding at P29 (W = 0.52 | M = 0.43 | P = 0.03); Loss of Cobalt_binding at V37 (W = 0.47 | M = 0.36 | P = 0.03),-